-- seed.sql
-- demo data for local development and review
-- pin = 1234  →  bcrypt hash below (cost 10, known test vector)

-- -----------------------------------------------------------------------
-- tenant
-- -----------------------------------------------------------------------
insert into tenants (id, name, vertical, timezone) values
  ('00000000-0000-0000-0000-000000000001', 'Demo Cafe', 'cafe', 'America/Chicago');

-- -----------------------------------------------------------------------
-- location
-- -----------------------------------------------------------------------
insert into locations (id, tenant_id, name, address, sales_tax_bps) values
  (
    '00000000-0000-0000-0000-000000000010',
    '00000000-0000-0000-0000-000000000001',
    'Main Street',
    '{"street": "123 Main St", "city": "Austin", "state": "TX", "zip": "78701"}',
    825
  );

-- -----------------------------------------------------------------------
-- staff — owner, pin = 1234
-- bcrypt('1234', '$2a$10$fixedsaltfixedsaltfixed') test hash:
--   $2a$10$N9qo8uLOickgx2ZMRZoMyeIjZAgcfl7p92ldGxad68LJZdL17lhWy
-- -----------------------------------------------------------------------
insert into staff_members (id, tenant_id, location_ids, full_name, email, role, pin_hash) values
  (
    '00000000-0000-0000-0000-000000000020',
    '00000000-0000-0000-0000-000000000001',
    array['00000000-0000-0000-0000-000000000010']::uuid[],
    'Siddhu Demo',
    'demo@nuatis.com',
    'owner',
    '$2a$10$N9qo8uLOickgx2ZMRZoMyeIjZAgcfl7p92ldGxad68LJZdL17lhWy'
  );

-- -----------------------------------------------------------------------
-- menu category: Drinks
-- -----------------------------------------------------------------------
insert into menu_categories (id, tenant_id, name, sort_order) values
  ('00000000-0000-0000-0000-000000000030', '00000000-0000-0000-0000-000000000001', 'Drinks', 1);

-- menu category: Food
insert into menu_categories (id, tenant_id, name, sort_order) values
  ('00000000-0000-0000-0000-000000000031', '00000000-0000-0000-0000-000000000001', 'Food', 2);

-- -----------------------------------------------------------------------
-- menu items — all prices in cents
-- drinks
-- -----------------------------------------------------------------------
insert into menu_items (id, tenant_id, category_id, name, price_cents) values
  ('00000000-0000-0000-0000-000000000040', '00000000-0000-0000-0000-000000000001', '00000000-0000-0000-0000-000000000030', 'Espresso',   300),
  ('00000000-0000-0000-0000-000000000041', '00000000-0000-0000-0000-000000000001', '00000000-0000-0000-0000-000000000030', 'Latte',       450),
  ('00000000-0000-0000-0000-000000000042', '00000000-0000-0000-0000-000000000001', '00000000-0000-0000-0000-000000000030', 'Cappuccino',  450),
  ('00000000-0000-0000-0000-000000000043', '00000000-0000-0000-0000-000000000001', '00000000-0000-0000-0000-000000000030', 'Americano',   350),
  ('00000000-0000-0000-0000-000000000044', '00000000-0000-0000-0000-000000000001', '00000000-0000-0000-0000-000000000030', 'Drip Coffee', 300),
  ('00000000-0000-0000-0000-000000000045', '00000000-0000-0000-0000-000000000001', '00000000-0000-0000-0000-000000000030', 'Cold Brew',   400);

-- food
insert into menu_items (id, tenant_id, category_id, name, price_cents) values
  ('00000000-0000-0000-0000-000000000046', '00000000-0000-0000-0000-000000000001', '00000000-0000-0000-0000-000000000031', 'Croissant',   350),
  ('00000000-0000-0000-0000-000000000047', '00000000-0000-0000-0000-000000000001', '00000000-0000-0000-0000-000000000031', 'Muffin',      300),
  ('00000000-0000-0000-0000-000000000048', '00000000-0000-0000-0000-000000000001', '00000000-0000-0000-0000-000000000031', 'Bagel',       250),
  ('00000000-0000-0000-0000-000000000049', '00000000-0000-0000-0000-000000000001', '00000000-0000-0000-0000-000000000031', 'Scone',       350),
  ('00000000-0000-0000-0000-000000000050', '00000000-0000-0000-0000-000000000001', '00000000-0000-0000-0000-000000000031', 'Sandwich',    900),
  ('00000000-0000-0000-0000-000000000051', '00000000-0000-0000-0000-000000000001', '00000000-0000-0000-0000-000000000031', 'Salad',      1100);

-- -----------------------------------------------------------------------
-- modifier groups
-- -----------------------------------------------------------------------
insert into modifier_groups (id, tenant_id, name, min_select, max_select, required) values
  ('00000000-0000-0000-0000-000000000060', '00000000-0000-0000-0000-000000000001', 'Milk',  0, 1, false),
  ('00000000-0000-0000-0000-000000000061', '00000000-0000-0000-0000-000000000001', 'Size',  0, 1, false),
  ('00000000-0000-0000-0000-000000000062', '00000000-0000-0000-0000-000000000001', 'Temp',  0, 1, false);

-- modifier options: Milk
insert into modifier_options (group_id, name, price_delta_cents, sort_order) values
  ('00000000-0000-0000-0000-000000000060', 'Whole',   0,  1),
  ('00000000-0000-0000-0000-000000000060', 'Skim',    0,  2),
  ('00000000-0000-0000-0000-000000000060', 'Oat',    65,  3),
  ('00000000-0000-0000-0000-000000000060', 'Almond', 65,  4);

-- modifier options: Size
insert into modifier_options (group_id, name, price_delta_cents, sort_order) values
  ('00000000-0000-0000-0000-000000000061', 'Small',    0,  1),
  ('00000000-0000-0000-0000-000000000061', 'Medium',  50,  2),
  ('00000000-0000-0000-0000-000000000061', 'Large',  100,  3);

-- modifier options: Temp
insert into modifier_options (group_id, name, price_delta_cents, sort_order) values
  ('00000000-0000-0000-0000-000000000062', 'Hot',   0, 1),
  ('00000000-0000-0000-0000-000000000062', 'Iced',  0, 2);

-- -----------------------------------------------------------------------
-- link all 6 drinks to all 3 modifier groups
-- -----------------------------------------------------------------------
insert into menu_item_modifier_groups (item_id, group_id, sort_order) values
  -- espresso
  ('00000000-0000-0000-0000-000000000040', '00000000-0000-0000-0000-000000000060', 1),
  ('00000000-0000-0000-0000-000000000040', '00000000-0000-0000-0000-000000000061', 2),
  ('00000000-0000-0000-0000-000000000040', '00000000-0000-0000-0000-000000000062', 3),
  -- latte
  ('00000000-0000-0000-0000-000000000041', '00000000-0000-0000-0000-000000000060', 1),
  ('00000000-0000-0000-0000-000000000041', '00000000-0000-0000-0000-000000000061', 2),
  ('00000000-0000-0000-0000-000000000041', '00000000-0000-0000-0000-000000000062', 3),
  -- cappuccino
  ('00000000-0000-0000-0000-000000000042', '00000000-0000-0000-0000-000000000060', 1),
  ('00000000-0000-0000-0000-000000000042', '00000000-0000-0000-0000-000000000061', 2),
  ('00000000-0000-0000-0000-000000000042', '00000000-0000-0000-0000-000000000062', 3),
  -- americano
  ('00000000-0000-0000-0000-000000000043', '00000000-0000-0000-0000-000000000060', 1),
  ('00000000-0000-0000-0000-000000000043', '00000000-0000-0000-0000-000000000061', 2),
  ('00000000-0000-0000-0000-000000000043', '00000000-0000-0000-0000-000000000062', 3),
  -- drip coffee
  ('00000000-0000-0000-0000-000000000044', '00000000-0000-0000-0000-000000000060', 1),
  ('00000000-0000-0000-0000-000000000044', '00000000-0000-0000-0000-000000000061', 2),
  ('00000000-0000-0000-0000-000000000044', '00000000-0000-0000-0000-000000000062', 3),
  -- cold brew
  ('00000000-0000-0000-0000-000000000045', '00000000-0000-0000-0000-000000000060', 1),
  ('00000000-0000-0000-0000-000000000045', '00000000-0000-0000-0000-000000000061', 2),
  ('00000000-0000-0000-0000-000000000045', '00000000-0000-0000-0000-000000000062', 3);
